{"cameraMode":{"drawMode":0,"name":"Shaded","section":"Shading Mode"},"sceneLighting":true,"audioPlay":false,"sceneViewState":{"showFog":false,"showMaterialUpdate":false,"showSkybox":false,"showFlares":false,"showImageEffects":true,"showParticleSystems":true},"in2DMode":false,"pivot":{"x":-1.1517772674560547,"y":-0.600074291229248,"z":0.5755338668823242},"rotation":{"x":-0.10831981152296066,"y":0.8852631449699402,"z":-0.25821688771247866,"w":-0.3713645935058594},"size":9.126982688903809,"orthographic":false}